<?xml version="1.0" encoding="utf-8"?>
<!--/18518372/1520652/2.50/4/2/Switch/-->
<quadcept_library>
  <setting unit="mil" />
  <textstyle name="Default" height="47.244094488189" strokewidth="7.8740157480315" charwidth="47.244094488189" />
  <textstyle name="Dimension" height="19.6850393700787" strokewidth="0" charwidth="19.6850393700787" />
  <textstyle name="H127W0635TH00762" height="50" strokewidth="3" charwidth="25" />
  <textstyle name="H15W15TH02" height="59.0551181102362" strokewidth="7.8740157480315" charwidth="59.0551181102362" />
  <padstyle name="c150_h100" surface="False" plated="True" isvia="False" nopaste="True" nomask="True" complex="False" holesize="39.370078740157">
    <padshape layer="TOP" shape="round" width="59.055118110235" height="59.055118110235" />
    <padshape layer="TOP_SOLDER_MASK" shape="round" width="66.929133858267" height="66.929133858267" />
    <padshape layer="INNER" shape="round" width="59.055118110235" height="59.055118110235" />
    <padshape layer="BOTTOM" shape="round" width="59.055118110235" height="59.055118110235" />
    <padshape layer="BOTTOM_SOLDER_MASK" shape="round" width="66.929133858267" height="66.929133858267" />
  </padstyle>
  <padstyle name="s150_h100" surface="False" plated="True" isvia="False" nopaste="True" nomask="True" complex="False" holesize="39.370078740157">
    <padshape layer="TOP" shape="square" width="59.055118110235" height="59.055118110235" />
    <padshape layer="TOP_SOLDER_MASK" shape="square" width="66.929133858267" height="66.929133858267" />
    <padshape layer="INNER" shape="square" width="59.055118110235" height="59.055118110235" />
    <padshape layer="BOTTOM" shape="square" width="59.055118110235" height="59.055118110235" />
    <padshape layer="BOTTOM_SOLDER_MASK" shape="square" width="66.929133858267" height="66.929133858267" />
  </padstyle>
  <footprint name="24549821" originx="0" originy="0" pickpointx="0" pickpointy="0">
    <pcbpin number="1" name="A1" style="s150_h100" originx="0" originy="0" rotation="90" />
    <pcbpin number="2" name="A2" style="c150_h100" originx="99.999999999999" originy="0" rotation="90" />
    <pcbpin number="3" name="B1" style="c150_h100" originx="0" originy="300" rotation="90" />
    <pcbpin number="4" name="B2" style="c150_h100" originx="99.999999999999" originy="300" rotation="90" />
    <line layer="TOP_ASSEMBLY" originx="-69.685039370078" originy="272.04724409448" endx="169.68503937008" endy="272.04724409448" width="3.9370078740157" />
    <line layer="TOP_ASSEMBLY" originx="169.68503937008" originy="272.04724409448" endx="169.68503937008" endy="27.952755905511" width="3.9370078740157" />
    <line layer="TOP_ASSEMBLY" originx="169.68503937008" originy="27.952755905511" endx="-69.685039370078" endy="27.952755905511" width="3.9370078740157" />
    <line layer="TOP_ASSEMBLY" originx="-69.685039370078" originy="27.952755905511" endx="-69.685039370078" endy="272.04724409448" width="3.9370078740157" />
    <line layer="TOP_PLACE_BOUND" originx="-109.05511811023" originy="368.89763779527" endx="209.05511811023" endy="368.89763779527" width="3.9370078740157" />
    <line layer="TOP_PLACE_BOUND" originx="209.05511811023" originy="368.89763779527" endx="209.05511811023" endy="-68.897637795275" width="3.9370078740157" />
    <line layer="TOP_PLACE_BOUND" originx="209.05511811023" originy="-68.897637795275" endx="-109.05511811023" endy="-68.897637795275" width="3.9370078740157" />
    <line layer="TOP_PLACE_BOUND" originx="-109.05511811023" originy="-68.897637795275" endx="-109.05511811023" endy="368.89763779527" width="3.9370078740157" />
    <line layer="TOP_SILKSCREEN" originx="-49.999999999999" originy="272.04724409448" endx="-69.685039370078" endy="272.04724409448" width="7.8740157480314" />
    <line layer="TOP_SILKSCREEN" originx="-69.685039370078" originy="272.04724409448" endx="-69.685039370078" endy="27.952755905511" width="7.8740157480314" />
    <line layer="TOP_SILKSCREEN" originx="-69.685039370078" originy="27.952755905511" endx="-49.999999999999" endy="27.952755905511" width="7.8740157480314" />
    <line layer="TOP_SILKSCREEN" originx="150" originy="272.04724409448" endx="169.68503937008" endy="272.04724409448" width="7.8740157480314" />
    <line layer="TOP_SILKSCREEN" originx="169.68503937008" originy="272.04724409448" endx="169.68503937008" endy="27.952755905511" width="7.8740157480314" />
    <line layer="TOP_SILKSCREEN" originx="169.68503937008" originy="27.952755905511" endx="150" endy="27.952755905511" width="7.8740157480314" />
    <line layer="TOP_SILKSCREEN" originx="0" originy="-51.181102362204" endx="0" endy="-51.181102362204" width="3.9370078740157" />
    <arc layer="TOP_SILKSCREEN" originx="-2.7318479936642E-15" originy="-53.149606299212" startangle="90.0" sweepangle="180.0" radius="1.9685039370078" width="3.9370078740157" />
    <line layer="TOP_SILKSCREEN" originx="0" originy="-55.11811023622" endx="0" endy="-55.11811023622" width="3.9370078740157" />
    <arc layer="TOP_SILKSCREEN" originx="-2.7318479936642E-15" originy="-53.149606299212" startangle="-90.0" sweepangle="180.0" radius="1.9685039370078" width="3.9370078740157" />
  </footprint>
  <symbol name="2454982-1" originx="0" originy="0">
    <line originx="200" originy="100" endx="700" endy="100" width="0" />
    <line originx="700" originy="-200" endx="700" endy="100" width="0" />
    <line originx="700" originy="-200" endx="200" endy="-200" width="0" />
    <line originx="200" originy="100" endx="200" endy="-200" width="0" />
    <sympin number="1" originx="200" originy="-100" rotation="180" length="100" width="7.8740157480315" flipped="False">
      <text name="pinname" originx="230" originy="-100" style="Default" rotation="0" justify="left" flipped="False" hidden="False" data="A1" />
      <text name="pindes" originx="140" originy="-80" style="Default" rotation="0" justify="lowerright" flipped="False" hidden="False" data="A1" />
    </sympin>
    <sympin number="2" originx="700" originy="-100" rotation="0" length="100" width="7.8740157480315" flipped="False">
      <text name="pinname" originx="670" originy="-100" style="Default" rotation="0" justify="right" flipped="False" hidden="False" data="A2" />
      <text name="pindes" originx="760" originy="-80" style="Default" rotation="0" justify="lowerleft" flipped="False" hidden="False" data="A2" />
    </sympin>
    <sympin number="3" originx="200" originy="0" rotation="180" length="100" width="7.8740157480315" flipped="False">
      <text name="pinname" originx="230" originy="0" style="Default" rotation="0" justify="left" flipped="False" hidden="False" data="B1" />
      <text name="pindes" originx="140" originy="20" style="Default" rotation="0" justify="lowerright" flipped="False" hidden="False" data="B1" />
    </sympin>
    <sympin number="4" originx="700" originy="0" rotation="0" length="100" width="7.8740157480315" flipped="False">
      <text name="pinname" originx="670" originy="0" style="Default" rotation="0" justify="right" flipped="False" hidden="False" data="B2" />
      <text name="pindes" originx="760" originy="20" style="Default" rotation="0" justify="lowerleft" flipped="False" hidden="False" data="B2" />
    </sympin>
  </symbol>
  <component name="2454982-1" designatorprefix="S" height="166.92913385827" footprint="24549821">
    <comppin designator="A1" sympin="1" pinswap="0" gateswap="0" gate="1" group="1" side="" type="Any" name="A1" />
    <comppin designator="A2" sympin="2" pinswap="0" gateswap="0" gate="1" group="1" side="" type="Any" name="A2" />
    <comppin designator="B1" sympin="3" pinswap="0" gateswap="0" gate="1" group="1" side="" type="Any" name="B1" />
    <comppin designator="B2" sympin="4" pinswap="0" gateswap="0" gate="1" group="1" side="" type="Any" name="B2" />
    <attached_symbol gate="1" name="2454982-1" />
    <pinmap designator="A1" footprintpin="1" />
    <pinmap designator="A2" footprintpin="2" />
    <pinmap designator="B1" footprintpin="3" />
    <pinmap designator="B2" footprintpin="4" />
    <text name="Datasheet" originx="0" originy="0" style="Default" rotation="0" justify="" flipped="False" hidden="True" data="" />
    <text name="Description" originx="0" originy="0" style="Default" rotation="0" justify="" flipped="False" hidden="True" data="DIP Switches / SIP Switches DIP, THT, 2 pos, extended" />
    <text name="Mouser Part Number" originx="0" originy="0" style="Default" rotation="0" justify="" flipped="False" hidden="True" data="655-2454982-1" />
    <text name="Mouser Price/Stock" originx="0" originy="0" style="Default" rotation="0" justify="" flipped="False" hidden="True" data="https://www.mouser.co.uk/ProductDetail/TE-Connectivity-Alcoswitch/2454982-1?qs=1Kr7Jg1SGW85eoVw%2FtNsgQ%3D%3D" />
    <text name="Manufacturer_Name" originx="0" originy="0" style="Default" rotation="0" justify="" flipped="False" hidden="True" data="TE Connectivity" />
    <text name="Manufacturer_Part_Number" originx="750" originy="200" style="Default" rotation="0" justify="left" flipped="False" hidden="False" data="2454982-1" />
  </component>
</quadcept_library>
